date,avtemp
2018-01-01,65.31
2018-01-02,59.31
2018-01-03,67.51
2018-01-04,76.61
2018-01-05,59.38
2018-01-06,59.72
2018-01-07,78.2
2018-01-08,70.42
2018-01-09,58.39
2018-01-10,68.85
2018-01-11,59.13
2018-01-12,59.44
2018-01-13,66.86
2018-01-14,45.64
2018-01-15,47.86
2018-01-16,59.82
2018-01-17,55.64
2018-01-18,69.24
2018-01-19,57.35
2018-01-20,52.63
2018-01-21,81.73
2018-01-22,65.14
2018-01-23,68.39
2018-01-24,53.78
2018-01-25,62.9
2018-01-26,69.76
2018-01-27,57.45
2018-01-28,73.03
2018-01-29,63.57
2018-01-30,66.96
2018-01-31,64.16
2018-02-01,88.99
2018-02-02,70.63
2018-02-03,60.47
2018-02-04,79.56
2018-02-05,59.41
2018-02-06,73.98
2018-02-07,52.57
2018-02-08,59.16
2018-02-09,74.68
2018-02-10,80.36
2018-02-11,74.95
2018-02-12,72.33
2018-02-13,70.73
2018-02-14,59.2
2018-02-15,67.03
2018-02-16,69.87
2018-02-17,85.28
2018-02-18,78.38
2018-02-19,57.54
2018-02-20,78.63
2018-02-21,71.76
2018-02-22,69.05
2018-02-23,82.14
2018-02-24,86.54
2018-02-25,85.74
2018-02-26,68.23
2018-02-27,73.72
2018-02-28,80.31
2018-03-01,86.93
2018-03-02,72.56
2018-03-03,75.66
2018-03-04,66.62
2018-03-05,65.88
2018-03-06,86.12
2018-03-07,91.7
2018-03-08,77.56
2018-03-09,88.45
2018-03-10,82.17
2018-03-11,72.23
2018-03-12,82.41
2018-03-13,94.29
2018-03-14,78.66
2018-03-15,94.77
2018-03-16,53.03
2018-03-17,87.53
2018-03-18,80.27
2018-03-19,76.49
2018-03-20,80.47
2018-03-21,59.75
2018-03-22,77.49
2018-03-23,83.32
2018-03-24,94.58
2018-03-25,74.66
2018-03-26,71.8
2018-03-27,74.9
2018-03-28,89.1
2018-03-29,83.26
2018-03-30,74.69
2018-03-31,85.13
2018-04-01,80.97
2018-04-02,89.68
2018-04-03,72.97
2018-04-04,76.7
2018-04-05,76.04
2018-04-06,65.3
2018-04-07,82.86
2018-04-08,82.48
2018-04-09,79.87
2018-04-10,77.43
2018-04-11,65.57
2018-04-12,75.45
2018-04-13,76.17
2018-04-14,71.5
2018-04-15,77.83
2018-04-16,83.4
2018-04-17,98.13
2018-04-18,80.92
2018-04-19,81.65
2018-04-20,78.22
2018-04-21,59.67
2018-04-22,78.47
2018-04-23,79.22
2018-04-24,103.12
2018-04-25,76.43
2018-04-26,81.23
2018-04-27,77.72
2018-04-28,66.23
2018-04-29,89.19
2018-04-30,85.12
2018-05-01,85.34
2018-05-02,68.17
2018-05-03,91.11
2018-05-04,62.89
2018-05-05,82.59
2018-05-06,98.43
2018-05-07,66.43
2018-05-08,70.47
2018-05-09,76.92
2018-05-10,70.68
2018-05-11,59.99
2018-05-12,75.96
2018-05-13,64.43
2018-05-14,79.56
2018-05-15,65.4
2018-05-16,89.85
2018-05-17,66.28
2018-05-18,70.65
2018-05-19,81.75
2018-05-20,61.05
2018-05-21,75.38
2018-05-22,85.91
2018-05-23,56.5
2018-05-24,74.15
2018-05-25,74.63
2018-05-26,79.57
2018-05-27,59.11
2018-05-28,57.99
2018-05-29,76.12
2018-05-30,73.58
2018-05-31,72.83
2018-06-01,73.49
2018-06-02,62.93
2018-06-03,71.75
2018-06-04,72.05
2018-06-05,61.67
2018-06-06,87.16
2018-06-07,72.93
2018-06-08,55.96
2018-06-09,74.12
2018-06-10,57.49
2018-06-11,74.78
2018-06-12,78.17
2018-06-13,58.06
2018-06-14,75.57
2018-06-15,69.73
2018-06-16,73.49
2018-06-17,83.91
2018-06-18,62.15
2018-06-19,56.73
2018-06-20,55.04
2018-06-21,55.44
2018-06-22,62.49
2018-06-23,66.33
2018-06-24,65.34
2018-06-25,70.51
2018-06-26,62.02
2018-06-27,76.08
2018-06-28,58.56
2018-06-29,88.06
2018-06-30,66.77
2018-07-01,51.6
2018-07-02,49.12
2018-07-03,64.31
2018-07-04,56.9
2018-07-05,65.94
2018-07-06,63.18
2018-07-07,57.38
2018-07-08,49.3
2018-07-09,42.28
2018-07-10,52.62
2018-07-11,65.31
2018-07-12,58.55
2018-07-13,43.61
2018-07-14,57.46
2018-07-15,59.25
2018-07-16,46.22
2018-07-17,56.26
2018-07-18,54.98
2018-07-19,42.64
2018-07-20,57.32
2018-07-21,59.02
2018-07-22,63.92
2018-07-23,63.3
2018-07-24,38.67
2018-07-25,42.75
2018-07-26,56.96
2018-07-27,56.64
2018-07-28,56.34
2018-07-29,89.41
2018-07-30,56.29
2018-07-31,61.63
2018-08-01,59.52
2018-08-02,56.19
2018-08-03,46.23
2018-08-04,56.68
2018-08-05,41.08
2018-08-06,46.16
2018-08-07,43.39
2018-08-08,48.79
2018-08-09,70.84
2018-08-10,28.75
2018-08-11,54.02
2018-08-12,30.77
2018-08-13,41.92
2018-08-14,57.27
2018-08-15,46.78
2018-08-16,35.11
2018-08-17,38.49
2018-08-18,52.2
2018-08-19,37.87
2018-08-20,47.11
2018-08-21,45.18
2018-08-22,37.99
2018-08-23,65.73
2018-08-24,50.42
2018-08-25,23.62
2018-08-26,45.53
2018-08-27,36.86
2018-08-28,51.81
2018-08-29,35.17
2018-08-30,41.77
2018-08-31,47.79
2018-09-01,51.22
2018-09-02,30.4
2018-09-03,38.89
2018-09-04,37.33
2018-09-05,35.4
2018-09-06,59.44
2018-09-07,45.7
2018-09-08,28.91
2018-09-09,50.56
2018-09-10,62.48
2018-09-11,51.47
2018-09-12,25.84
2018-09-13,36.08
2018-09-14,53.49
2018-09-15,33.65
2018-09-16,45.08
2018-09-17,48.3
2018-09-18,31.21
2018-09-19,39.81
2018-09-20,7.93
2018-09-21,30.04
2018-09-22,37.7
2018-09-23,27.7
2018-09-24,56.46
2018-09-25,25.8
2018-09-26,35.67
2018-09-27,41.35
2018-09-28,54.44
2018-09-29,25.65
2018-09-30,51.63
2018-10-01,40.1
2018-10-02,30.19
2018-10-03,44.64
2018-10-04,42.02
2018-10-05,34.05
2018-10-06,40.78
2018-10-07,36.26
2018-10-08,41.29
2018-10-09,46.82
2018-10-10,56.11
2018-10-11,27.93
2018-10-12,61.7
2018-10-13,20.92
2018-10-14,39.0
2018-10-15,46.48
2018-10-16,43.5
2018-10-17,34.55
2018-10-18,38.79
2018-10-19,36.05
2018-10-20,35.19
2018-10-21,49.7
2018-10-22,44.89
2018-10-23,34.52
2018-10-24,50.58
2018-10-25,44.79
2018-10-26,49.99
2018-10-27,48.3
2018-10-28,33.87
2018-10-29,36.72
2018-10-30,49.96
2018-10-31,48.75
2018-11-01,42.62
2018-11-02,44.18
2018-11-03,55.96
2018-11-04,37.46
2018-11-05,49.04
2018-11-06,41.75
2018-11-07,41.8
2018-11-08,55.17
2018-11-09,52.65
2018-11-10,52.75
2018-11-11,57.89
2018-11-12,45.27
2018-11-13,52.11
2018-11-14,42.42
2018-11-15,49.01
2018-11-16,44.71
2018-11-17,47.23
2018-11-18,52.46
2018-11-19,38.59
2018-11-20,67.95
2018-11-21,37.23
2018-11-22,35.42
2018-11-23,59.41
2018-11-24,56.02
2018-11-25,54.63
2018-11-26,54.95
2018-11-27,48.83
2018-11-28,40.27
2018-11-29,50.29
2018-11-30,43.05
2018-12-01,59.88
2018-12-02,48.95
2018-12-03,42.47
2018-12-04,47.82
2018-12-05,55.47
2018-12-06,46.02
2018-12-07,43.75
2018-12-08,54.72
2018-12-09,55.06
2018-12-10,47.86
2018-12-11,48.54
2018-12-12,55.9
2018-12-13,39.42
2018-12-14,40.16
2018-12-15,47.38
2018-12-16,52.76
2018-12-17,58.34
2018-12-18,70.32
2018-12-19,64.47
2018-12-20,54.64
2018-12-21,56.38
2018-12-22,46.89
2018-12-23,57.07
2018-12-24,54.71
2018-12-25,61.17
2018-12-26,50.01
2018-12-27,63.82
2018-12-28,74.29
2018-12-29,58.22
2018-12-30,63.67
2018-12-31,66.9
2019-01-01,56.33
2019-01-02,62.93
2019-01-03,61.16
2019-01-04,62.35
2019-01-05,53.99
2019-01-06,62.31
2019-01-07,67.38
2019-01-08,77.26
2019-01-09,72.68
2019-01-10,84.96
2019-01-11,56.09
2019-01-12,72.83
2019-01-13,66.27
2019-01-14,86.67
2019-01-15,57.02
2019-01-16,57.04
2019-01-17,59.78
2019-01-18,44.86
2019-01-19,61.17
2019-01-20,59.16
2019-01-21,68.58
2019-01-22,70.81
2019-01-23,86.47
2019-01-24,77.53
2019-01-25,62.57
2019-01-26,59.67
2019-01-27,73.88
2019-01-28,56.07
2019-01-29,87.89
2019-01-30,81.67
2019-01-31,65.48
2019-02-01,53.34
2019-02-02,84.3
2019-02-03,69.9
2019-02-04,83.71
2019-02-05,55.67
2019-02-06,65.9
2019-02-07,72.22
2019-02-08,72.91
2019-02-09,68.21
2019-02-10,79.2
2019-02-11,62.56
2019-02-12,72.07
2019-02-13,74.94
2019-02-14,79.13
2019-02-15,81.35
2019-02-16,63.23
2019-02-17,59.37
2019-02-18,87.72
2019-02-19,78.49
2019-02-20,67.9
2019-02-21,91.12
2019-02-22,76.98
2019-02-23,87.82
2019-02-24,76.91
2019-02-25,97.04
2019-02-26,94.18
2019-02-27,74.32
2019-02-28,86.71
2019-03-01,83.63
2019-03-02,91.04
2019-03-03,67.87
2019-03-04,84.54
2019-03-05,88.42
2019-03-06,60.41
2019-03-07,66.31
2019-03-08,57.89
2019-03-09,75.73
2019-03-10,85.73
2019-03-11,93.7
2019-03-12,79.54
2019-03-13,95.2
2019-03-14,65.22
2019-03-15,62.09
2019-03-16,78.67
2019-03-17,83.16
2019-03-18,79.07
2019-03-19,58.81
2019-03-20,78.67
2019-03-21,66.58
2019-03-22,86.39
2019-03-23,83.41
2019-03-24,70.4
2019-03-25,74.71
2019-03-26,69.29
2019-03-27,79.29
2019-03-28,89.5
2019-03-29,70.11
2019-03-30,85.03
2019-03-31,74.69
2019-04-01,72.07
2019-04-02,78.93
2019-04-03,69.64
2019-04-04,74.44
2019-04-05,67.98
2019-04-06,99.58
2019-04-07,80.25
2019-04-08,72.87
2019-04-09,81.96
2019-04-10,78.65
2019-04-11,77.51
2019-04-12,85.8
2019-04-13,87.17
2019-04-14,74.22
2019-04-15,73.68
2019-04-16,76.61
2019-04-17,56.25
2019-04-18,64.02
2019-04-19,92.74
2019-04-20,95.42
2019-04-21,76.36
2019-04-22,84.5
2019-04-23,81.73
2019-04-24,109.27
2019-04-25,89.55
2019-04-26,76.93
2019-04-27,68.51
2019-04-28,61.85
2019-04-29,79.8
2019-04-30,70.04
2019-05-01,63.21
2019-05-02,70.8
2019-05-03,66.27
2019-05-04,93.78
2019-05-05,85.53
2019-05-06,76.45
2019-05-07,91.13
2019-05-08,76.9
2019-05-09,67.31
2019-05-10,90.94
2019-05-11,80.89
2019-05-12,64.91
2019-05-13,73.15
2019-05-14,66.07
2019-05-15,60.76
2019-05-16,83.62
2019-05-17,93.21
2019-05-18,59.88
2019-05-19,79.25
2019-05-20,66.85
2019-05-21,68.23
2019-05-22,66.92
2019-05-23,63.94
2019-05-24,72.79
2019-05-25,63.72
2019-05-26,74.46
2019-05-27,70.97
2019-05-28,68.8
2019-05-29,61.83
2019-05-30,64.85
2019-05-31,77.88
2019-06-01,75.03
2019-06-02,59.95
2019-06-03,70.42
2019-06-04,76.63
2019-06-05,52.12
2019-06-06,73.93
2019-06-07,61.56
2019-06-08,73.58
2019-06-09,59.92
2019-06-10,49.19
2019-06-11,50.64
2019-06-12,67.07
2019-06-13,68.86
2019-06-14,56.89
2019-06-15,71.99
2019-06-16,48.66
2019-06-17,64.28
2019-06-18,52.5
2019-06-19,57.75
2019-06-20,64.41
2019-06-21,54.99
2019-06-22,59.41
2019-06-23,72.98
2019-06-24,56.81
2019-06-25,70.59
2019-06-26,50.59
2019-06-27,66.85
2019-06-28,75.62
2019-06-29,36.14
2019-06-30,52.55
2019-07-01,65.94
2019-07-02,57.8
2019-07-03,63.2
2019-07-04,53.1
2019-07-05,59.66
2019-07-06,56.9
2019-07-07,69.79
2019-07-08,60.31
2019-07-09,60.8
2019-07-10,52.97
2019-07-11,51.87
2019-07-12,52.08
2019-07-13,60.01
2019-07-14,51.52
2019-07-15,58.29
2019-07-16,75.81
2019-07-17,63.44
2019-07-18,51.14
2019-07-19,66.08
2019-07-20,49.66
2019-07-21,33.03
2019-07-22,43.01
2019-07-23,34.06
2019-07-24,48.93
2019-07-25,52.31
2019-07-26,68.58
2019-07-27,54.77
2019-07-28,49.0
2019-07-29,59.18
2019-07-30,28.47
2019-07-31,52.63
2019-08-01,57.68
2019-08-02,34.89
2019-08-03,60.82
2019-08-04,52.48
2019-08-05,44.66
2019-08-06,54.85
2019-08-07,70.95
2019-08-08,49.79
2019-08-09,50.18
2019-08-10,42.83
2019-08-11,38.66
2019-08-12,55.2
2019-08-13,38.08
2019-08-14,47.1
2019-08-15,41.36
2019-08-16,50.68
2019-08-17,48.98
2019-08-18,55.78
2019-08-19,40.08
2019-08-20,42.25
2019-08-21,34.93
2019-08-22,40.06
2019-08-23,48.06
2019-08-24,51.65
2019-08-25,34.65
2019-08-26,52.37
2019-08-27,57.03
2019-08-28,47.42
2019-08-29,61.86
2019-08-30,35.18
2019-08-31,30.29
2019-09-01,24.78
2019-09-02,57.36
2019-09-03,48.78
2019-09-04,41.53
2019-09-05,44.73
2019-09-06,30.53
2019-09-07,66.11
2019-09-08,42.81
2019-09-09,42.48
2019-09-10,48.52
2019-09-11,45.95
2019-09-12,43.27
2019-09-13,33.02
2019-09-14,45.54
2019-09-15,59.55
2019-09-16,54.1
2019-09-17,56.49
2019-09-18,35.37
2019-09-19,30.51
2019-09-20,39.08
2019-09-21,40.84
2019-09-22,51.17
2019-09-23,23.25
2019-09-24,55.43
2019-09-25,38.52
2019-09-26,35.8
2019-09-27,29.92
2019-09-28,23.47
2019-09-29,48.24
2019-09-30,40.73
2019-10-01,27.1
2019-10-02,27.05
2019-10-03,36.66
2019-10-04,56.72
2019-10-05,37.46
2019-10-06,25.05
2019-10-07,37.66
2019-10-08,37.43
2019-10-09,13.23
2019-10-10,39.71
2019-10-11,38.0
2019-10-12,47.34
2019-10-13,58.93
2019-10-14,51.78
2019-10-15,37.91
2019-10-16,29.62
2019-10-17,66.51
2019-10-18,41.47
2019-10-19,41.12
2019-10-20,40.85
2019-10-21,43.18
2019-10-22,39.88
2019-10-23,35.71
2019-10-24,36.11
2019-10-25,41.39
2019-10-26,36.43
2019-10-27,34.88
2019-10-28,43.22
2019-10-29,39.77
2019-10-30,57.52
2019-10-31,16.14
2019-11-01,53.74
2019-11-02,55.46
2019-11-03,22.45
2019-11-04,39.95
2019-11-05,39.86
2019-11-06,29.69
2019-11-07,36.19
2019-11-08,33.08
2019-11-09,61.92
2019-11-10,53.97
2019-11-11,57.55
2019-11-12,52.28
2019-11-13,34.0
2019-11-14,40.28
2019-11-15,50.66
2019-11-16,33.79
2019-11-17,53.39
2019-11-18,44.11
2019-11-19,43.02
2019-11-20,54.14
2019-11-21,51.73
2019-11-22,43.95
2019-11-23,59.42
2019-11-24,37.29
2019-11-25,54.54
2019-11-26,54.6
2019-11-27,45.86
2019-11-28,52.5
2019-11-29,37.02
2019-11-30,59.07
2019-12-01,48.28
2019-12-02,45.2
2019-12-03,61.22
2019-12-04,43.99
2019-12-05,37.26
2019-12-06,36.09
2019-12-07,58.03
2019-12-08,39.48
2019-12-09,70.15
2019-12-10,32.11
2019-12-11,70.21
2019-12-12,55.68
2019-12-13,52.93
2019-12-14,48.78
2019-12-15,58.55
2019-12-16,54.52
2019-12-17,66.26
2019-12-18,56.7
2019-12-19,57.4
2019-12-20,52.6
2019-12-21,56.0
2019-12-22,59.99
2019-12-23,40.15
2019-12-24,44.11
2019-12-25,65.37
2019-12-26,59.99
2019-12-27,56.78
2019-12-28,59.15
2019-12-29,62.79
2019-12-30,54.26
2019-12-31,52.22
2020-01-01,62.3
2020-01-02,50.9
2020-01-03,65.11
2020-01-04,44.35
2020-01-05,72.01
2020-01-06,66.79
2020-01-07,64.96
2020-01-08,72.57
2020-01-09,79.74
2020-01-10,73.57
2020-01-11,45.36
2020-01-12,51.31
2020-01-13,58.19
2020-01-14,65.03
2020-01-15,70.28
2020-01-16,58.18
2020-01-17,67.64
2020-01-18,58.54
2020-01-19,60.31
2020-01-20,52.68
2020-01-21,57.84
2020-01-22,53.88
2020-01-23,57.95
2020-01-24,78.57
2020-01-25,58.85
2020-01-26,94.98
2020-01-27,73.9
2020-01-28,71.12
2020-01-29,60.99
2020-01-30,76.88
2020-01-31,64.42
2020-02-01,71.69
2020-02-02,96.36
2020-02-03,70.09
2020-02-04,82.83
2020-02-05,64.58
2020-02-06,71.54
2020-02-07,89.88
2020-02-08,66.17
2020-02-09,90.83
2020-02-10,80.05
2020-02-11,67.61
2020-02-12,79.81
2020-02-13,83.47
2020-02-14,80.21
2020-02-15,58.53
2020-02-16,67.2
2020-02-17,72.23
2020-02-18,74.2
2020-02-19,81.37
2020-02-20,77.17
2020-02-21,62.25
2020-02-22,79.62
2020-02-23,82.13
2020-02-24,81.83
2020-02-25,87.24
2020-02-26,84.96
2020-02-27,81.4
2020-02-28,76.29
2020-02-29,60.57
2020-03-01,81.65
2020-03-02,79.59
2020-03-03,80.4
2020-03-04,65.07
2020-03-05,67.18
2020-03-06,88.67
2020-03-07,77.89
2020-03-08,85.23
2020-03-09,78.83
2020-03-10,78.97
2020-03-11,88.18
2020-03-12,73.75
2020-03-13,79.98
2020-03-14,74.5
2020-03-15,74.88
2020-03-16,76.22
2020-03-17,81.62
2020-03-18,74.69
2020-03-19,92.11
2020-03-20,70.68
2020-03-21,77.82
2020-03-22,75.35
2020-03-23,94.27
2020-03-24,81.81
2020-03-25,90.2
2020-03-26,65.06
2020-03-27,82.62
2020-03-28,88.87
2020-03-29,80.81
2020-03-30,90.65
2020-03-31,74.83
2020-04-01,94.09
2020-04-02,102.98
2020-04-03,76.35
2020-04-04,75.5
2020-04-05,94.47
2020-04-06,95.7
2020-04-07,74.64
2020-04-08,75.62
2020-04-09,76.96
2020-04-10,66.27
2020-04-11,70.47
2020-04-12,69.55
2020-04-13,71.84
2020-04-14,79.1
2020-04-15,81.7
2020-04-16,94.77
2020-04-17,69.19
2020-04-18,88.92
2020-04-19,76.83
2020-04-20,78.36
2020-04-21,85.49
2020-04-22,67.39
2020-04-23,82.31
2020-04-24,80.02
2020-04-25,83.14
2020-04-26,80.96
2020-04-27,102.47
2020-04-28,71.38
2020-04-29,72.29
2020-04-30,71.2
2020-05-01,71.71
2020-05-02,70.71
2020-05-03,88.8
2020-05-04,90.92
2020-05-05,70.82
2020-05-06,68.01
2020-05-07,80.84
2020-05-08,70.4
2020-05-09,82.04
2020-05-10,77.53
2020-05-11,60.12
2020-05-12,90.53
2020-05-13,92.78
2020-05-14,68.46
2020-05-15,70.48
2020-05-16,76.97
2020-05-17,77.21
2020-05-18,80.2
2020-05-19,93.46
2020-05-20,71.33
2020-05-21,64.86
2020-05-22,58.78
2020-05-23,65.0
2020-05-24,71.7
2020-05-25,89.7
2020-05-26,66.3
2020-05-27,73.43
2020-05-28,70.74
2020-05-29,82.5
2020-05-30,95.59
2020-05-31,64.72
2020-06-01,64.83
2020-06-02,79.86
2020-06-03,75.94
2020-06-04,87.28
2020-06-05,74.34
2020-06-06,64.59
2020-06-07,73.78
2020-06-08,78.64
2020-06-09,75.44
2020-06-10,71.98
2020-06-11,77.25
2020-06-12,77.96
2020-06-13,79.76
2020-06-14,72.09
2020-06-15,63.6
2020-06-16,66.41
2020-06-17,76.67
2020-06-18,56.1
2020-06-19,67.62
2020-06-20,59.66
2020-06-21,63.54
2020-06-22,75.7
2020-06-23,64.49
2020-06-24,62.7
2020-06-25,48.29
2020-06-26,69.01
2020-06-27,67.66
2020-06-28,82.49
2020-06-29,57.44
2020-06-30,62.36
2020-07-01,62.32
2020-07-02,75.26
2020-07-03,58.19
2020-07-04,61.59
2020-07-05,64.53
2020-07-06,59.98
2020-07-07,53.3
2020-07-08,59.37
2020-07-09,67.82
2020-07-10,46.48
2020-07-11,57.73
2020-07-12,49.07
2020-07-13,67.68
2020-07-14,40.16
2020-07-15,49.47
2020-07-16,58.5
2020-07-17,70.05
2020-07-18,53.41
2020-07-19,48.19
2020-07-20,72.22
2020-07-21,38.61
2020-07-22,30.78
2020-07-23,56.85
2020-07-24,47.11
2020-07-25,41.6
2020-07-26,58.58
2020-07-27,53.63
2020-07-28,45.24
2020-07-29,37.77
2020-07-30,59.0
2020-07-31,56.48
2020-08-01,48.69
2020-08-02,67.85
2020-08-03,38.39
2020-08-04,33.55
2020-08-05,41.61
2020-08-06,47.79
2020-08-07,50.4
2020-08-08,45.28
2020-08-09,50.95
2020-08-10,34.64
2020-08-11,61.33
2020-08-12,45.82
2020-08-13,57.56
2020-08-14,49.56
2020-08-15,50.46
2020-08-16,51.34
2020-08-17,49.89
2020-08-18,51.6
2020-08-19,58.24
2020-08-20,46.69
2020-08-21,51.59
2020-08-22,43.39
2020-08-23,58.48
2020-08-24,37.11
2020-08-25,61.68
2020-08-26,43.07
2020-08-27,28.97
2020-08-28,44.38
2020-08-29,36.1
2020-08-30,51.14
2020-08-31,36.04
2020-09-01,37.94
2020-09-02,23.34
2020-09-03,37.56
2020-09-04,17.69
2020-09-05,25.95
2020-09-06,49.25
2020-09-07,49.37
2020-09-08,45.64
2020-09-09,31.59
2020-09-10,40.67
2020-09-11,41.0
2020-09-12,29.34
2020-09-13,55.86
2020-09-14,49.5
2020-09-15,38.43
2020-09-16,40.83
2020-09-17,42.56
2020-09-18,19.99
2020-09-19,37.87
2020-09-20,33.46
2020-09-21,30.21
2020-09-22,37.37
2020-09-23,58.11
2020-09-24,46.51
2020-09-25,34.36
2020-09-26,45.77
2020-09-27,54.02
2020-09-28,49.26
2020-09-29,40.6
2020-09-30,33.53
2020-10-01,46.99
2020-10-02,43.95
2020-10-03,48.98
2020-10-04,46.41
2020-10-05,50.58
2020-10-06,34.76
2020-10-07,53.33
2020-10-08,42.18
2020-10-09,61.01
2020-10-10,33.42
2020-10-11,57.73
2020-10-12,42.42
2020-10-13,34.0
2020-10-14,35.76
2020-10-15,37.48
2020-10-16,45.02
2020-10-17,46.1
2020-10-18,35.24
2020-10-19,40.84
2020-10-20,62.63
2020-10-21,58.6
2020-10-22,45.81
2020-10-23,41.96
2020-10-24,42.92
2020-10-25,47.99
2020-10-26,31.78
2020-10-27,39.59
2020-10-28,25.63
2020-10-29,46.47
2020-10-30,49.12
2020-10-31,37.99
2020-11-01,58.74
2020-11-02,30.93
2020-11-03,28.73
2020-11-04,45.81
2020-11-05,54.24
2020-11-06,60.81
2020-11-07,39.59
2020-11-08,55.18
2020-11-09,44.23
2020-11-10,43.11
2020-11-11,53.9
2020-11-12,51.81
2020-11-13,29.76
2020-11-14,60.53
2020-11-15,59.81
2020-11-16,40.0
2020-11-17,50.47
2020-11-18,51.71
2020-11-19,49.63
2020-11-20,41.79
2020-11-21,40.84
2020-11-22,47.57
2020-11-23,59.83
2020-11-24,53.82
2020-11-25,44.96
2020-11-26,56.67
2020-11-27,20.75
2020-11-28,61.02
2020-11-29,32.43
2020-11-30,46.5
2020-12-01,39.23
2020-12-02,37.78
2020-12-03,62.64
2020-12-04,46.67
2020-12-05,55.12
2020-12-06,51.5
2020-12-07,57.06
2020-12-08,53.37
2020-12-09,40.1
2020-12-10,63.21
2020-12-11,48.64
2020-12-12,38.34
2020-12-13,49.95
2020-12-14,69.57
2020-12-15,63.4
2020-12-16,51.74
2020-12-17,52.07
2020-12-18,52.68
2020-12-19,77.0
2020-12-20,60.39
2020-12-21,61.21
2020-12-22,67.56
2020-12-23,59.98
2020-12-24,55.35
2020-12-25,56.32
2020-12-26,57.91
2020-12-27,58.6
2020-12-28,66.59
2020-12-29,60.18
2020-12-30,67.33
2020-12-31,59.54
2021-01-01,61.13
2021-01-02,40.71
2021-01-03,70.2
2021-01-04,64.84
2021-01-05,71.7
2021-01-06,33.1
2021-01-07,83.29
2021-01-08,61.35
2021-01-09,74.17
2021-01-10,53.03
2021-01-11,69.89
2021-01-12,53.57
2021-01-13,58.2
2021-01-14,83.91
2021-01-15,63.2
2021-01-16,67.61
2021-01-17,74.47
2021-01-18,71.06
2021-01-19,67.93
2021-01-20,70.4
2021-01-21,91.11
2021-01-22,66.82
2021-01-23,69.72
2021-01-24,78.54
2021-01-25,79.4
2021-01-26,80.53
2021-01-27,75.35
2021-01-28,57.84
2021-01-29,85.91
2021-01-30,58.41
2021-01-31,73.2
2021-02-01,62.93
2021-02-02,70.12
2021-02-03,74.34
2021-02-04,74.55
2021-02-05,75.84
2021-02-06,88.03
2021-02-07,76.7
2021-02-08,70.0
2021-02-09,82.35
2021-02-10,84.87
2021-02-11,60.96
2021-02-12,79.46
2021-02-13,80.75
2021-02-14,71.01
2021-02-15,87.99
2021-02-16,72.97
2021-02-17,75.96
2021-02-18,73.21
2021-02-19,75.32
2021-02-20,64.43
2021-02-21,61.21
2021-02-22,91.76
2021-02-23,67.56
2021-02-24,66.32
2021-02-25,54.9
2021-02-26,70.23
2021-02-27,63.58
2021-02-28,93.42
2021-03-01,87.27
2021-03-02,70.47
2021-03-03,100.04
2021-03-04,87.5
2021-03-05,74.59
2021-03-06,53.0
2021-03-07,101.05
2021-03-08,64.39
2021-03-09,61.97
2021-03-10,88.78
2021-03-11,103.07
2021-03-12,92.64
2021-03-13,84.55
2021-03-14,84.97
2021-03-15,87.66
2021-03-16,86.81
2021-03-17,82.13
2021-03-18,80.44
2021-03-19,78.86
2021-03-20,72.02
2021-03-21,76.82
2021-03-22,62.76
2021-03-23,78.76
2021-03-24,69.91
2021-03-25,68.81
2021-03-26,81.68
2021-03-27,93.84
2021-03-28,89.13
2021-03-29,64.26
2021-03-30,70.09
2021-03-31,89.4
2021-04-01,70.17
2021-04-02,77.75
2021-04-03,85.49
2021-04-04,70.29
2021-04-05,81.01
2021-04-06,66.59
2021-04-07,73.89
2021-04-08,83.06
2021-04-09,63.89
2021-04-10,84.18
2021-04-11,79.52
2021-04-12,85.18
2021-04-13,81.83
2021-04-14,93.16
2021-04-15,80.69
2021-04-16,75.06
2021-04-17,80.49
2021-04-18,84.61
2021-04-19,79.56
2021-04-20,79.37
2021-04-21,71.84
2021-04-22,72.11
2021-04-23,64.59
2021-04-24,95.98
2021-04-25,65.91
2021-04-26,71.28
2021-04-27,70.88
2021-04-28,86.87
2021-04-29,74.81
2021-04-30,90.08
2021-05-01,70.7
2021-05-02,80.05
2021-05-03,68.73
2021-05-04,98.36
2021-05-05,64.84
2021-05-06,79.63
2021-05-07,82.67
2021-05-08,80.27
2021-05-09,74.07
2021-05-10,74.41
2021-05-11,75.94
2021-05-12,73.81
2021-05-13,84.69
2021-05-14,96.93
2021-05-15,69.02
2021-05-16,60.66
2021-05-17,73.23
2021-05-18,99.66
2021-05-19,65.58
2021-05-20,89.75
2021-05-21,89.88
2021-05-22,67.31
2021-05-23,78.27
2021-05-24,88.59
2021-05-25,68.24
2021-05-26,69.72
2021-05-27,65.66
2021-05-28,61.04
2021-05-29,64.41
2021-05-30,58.38
2021-05-31,70.66
2021-06-01,62.33
2021-06-02,72.06
2021-06-03,53.86
2021-06-04,72.43
2021-06-05,77.15
2021-06-06,48.56
2021-06-07,71.93
2021-06-08,80.15
2021-06-09,55.46
2021-06-10,83.96
2021-06-11,71.1
2021-06-12,59.54
2021-06-13,65.7
2021-06-14,71.52
2021-06-15,66.36
2021-06-16,70.66
2021-06-17,55.73
2021-06-18,66.3
2021-06-19,50.13
2021-06-20,62.82
2021-06-21,54.56
2021-06-22,55.9
2021-06-23,75.28
2021-06-24,73.49
2021-06-25,68.32
2021-06-26,50.97
2021-06-27,58.38
2021-06-28,73.34
2021-06-29,62.28
2021-06-30,83.71
2021-07-01,64.11
2021-07-02,61.75
2021-07-03,56.39
2021-07-04,60.47
2021-07-05,57.27
2021-07-06,65.53
2021-07-07,67.68
2021-07-08,49.91
2021-07-09,44.11
2021-07-10,38.72
2021-07-11,61.82
2021-07-12,45.37
2021-07-13,34.54
2021-07-14,59.62
2021-07-15,80.32
2021-07-16,55.0
2021-07-17,63.11
2021-07-18,55.21
2021-07-19,53.08
2021-07-20,62.93
2021-07-21,50.51
2021-07-22,55.76
2021-07-23,55.98
2021-07-24,45.76
2021-07-25,62.05
2021-07-26,50.06
2021-07-27,43.94
2021-07-28,56.55
2021-07-29,41.9
2021-07-30,50.86
2021-07-31,50.18
2021-08-01,60.83
2021-08-02,54.43
2021-08-03,49.14
2021-08-04,57.27
2021-08-05,62.71
2021-08-06,54.1
2021-08-07,48.35
2021-08-08,34.85
2021-08-09,37.04
2021-08-10,44.37
2021-08-11,41.06
2021-08-12,45.03
2021-08-13,47.21
2021-08-14,51.68
2021-08-15,45.43
2021-08-16,50.75
2021-08-17,46.29
2021-08-18,25.65
2021-08-19,35.78
2021-08-20,43.51
2021-08-21,32.63
2021-08-22,50.5
2021-08-23,59.59
2021-08-24,56.26
2021-08-25,41.74
2021-08-26,58.58
2021-08-27,44.96
2021-08-28,39.91
2021-08-29,36.96
2021-08-30,39.89
2021-08-31,38.86
2021-09-01,44.27
2021-09-02,44.01
2021-09-03,42.27
2021-09-04,46.45
2021-09-05,53.84
2021-09-06,51.28
2021-09-07,26.8
2021-09-08,15.97
2021-09-09,50.73
2021-09-10,27.59
2021-09-11,38.9
2021-09-12,29.33
2021-09-13,22.91
2021-09-14,46.24
2021-09-15,48.32
2021-09-16,34.88
2021-09-17,14.65
2021-09-18,35.02
2021-09-19,44.33
2021-09-20,25.55
2021-09-21,42.11
2021-09-22,40.07
2021-09-23,45.97
2021-09-24,41.33
2021-09-25,30.37
2021-09-26,52.03
2021-09-27,38.46
2021-09-28,39.75
2021-09-29,30.68
2021-09-30,35.57
2021-10-01,31.15
2021-10-02,38.28
2021-10-03,57.13
2021-10-04,26.31
2021-10-05,23.92
2021-10-06,54.79
2021-10-07,38.02
2021-10-08,33.46
2021-10-09,50.6
2021-10-10,34.2
2021-10-11,58.57
2021-10-12,47.15
2021-10-13,35.56
2021-10-14,62.09
2021-10-15,34.54
2021-10-16,48.11
2021-10-17,43.77
2021-10-18,53.89
2021-10-19,56.59
2021-10-20,41.41
2021-10-21,33.67
2021-10-22,45.92
2021-10-23,34.67
2021-10-24,61.71
2021-10-25,43.08
2021-10-26,38.21
2021-10-27,43.85
2021-10-28,28.69
2021-10-29,32.6
2021-10-30,54.49
2021-10-31,36.08
2021-11-01,32.36
2021-11-02,48.37
2021-11-03,55.04
2021-11-04,50.57
2021-11-05,53.53
2021-11-06,36.2
2021-11-07,29.75
2021-11-08,59.19
2021-11-09,41.17
2021-11-10,42.1
2021-11-11,58.12
2021-11-12,50.62
2021-11-13,49.85
2021-11-14,67.18
2021-11-15,39.33
2021-11-16,55.29
2021-11-17,46.83
2021-11-18,49.2
2021-11-19,62.05
2021-11-20,52.11
2021-11-21,52.67
2021-11-22,58.28
2021-11-23,44.18
2021-11-24,39.71
2021-11-25,37.94
2021-11-26,29.0
2021-11-27,69.51
2021-11-28,38.21
2021-11-29,47.32
2021-11-30,47.06
2021-12-01,53.2
2021-12-02,58.58
2021-12-03,59.33
2021-12-04,45.2
2021-12-05,49.67
2021-12-06,54.48
2021-12-07,49.48
2021-12-08,68.36
2021-12-09,57.52
2021-12-10,60.28
2021-12-11,59.88
2021-12-12,65.31
2021-12-13,55.71
2021-12-14,41.26
2021-12-15,58.56
2021-12-16,48.38
2021-12-17,49.94
2021-12-18,61.43
2021-12-19,68.28
2021-12-20,56.45
2021-12-21,59.66
2021-12-22,73.94
2021-12-23,59.66
2021-12-24,83.61
2021-12-25,63.59
2021-12-26,40.67
2021-12-27,66.16
2021-12-28,62.78
2021-12-29,72.21
2021-12-30,66.39
2021-12-31,58.62
2022-01-01,48.1
2022-01-02,58.6
2022-01-03,52.53
2022-01-04,55.57
2022-01-05,67.61
2022-01-06,78.76
2022-01-07,66.35
2022-01-08,50.79
2022-01-09,67.53
2022-01-10,75.39
2022-01-11,57.67
2022-01-12,62.76
2022-01-13,64.59
2022-01-14,56.92
2022-01-15,71.59
2022-01-16,64.23
2022-01-17,69.96
2022-01-18,57.22
2022-01-19,62.05
2022-01-20,73.97
2022-01-21,63.35
2022-01-22,84.66
2022-01-23,63.72
2022-01-24,70.28
2022-01-25,77.67
2022-01-26,54.47
2022-01-27,51.36
2022-01-28,54.01
2022-01-29,82.2
2022-01-30,64.36
2022-01-31,95.76
2022-02-01,64.83
2022-02-02,72.61
2022-02-03,86.47
2022-02-04,91.39
2022-02-05,92.23
2022-02-06,83.98
2022-02-07,82.41
2022-02-08,78.37
2022-02-09,80.49
2022-02-10,67.46
2022-02-11,65.05
2022-02-12,73.46
2022-02-13,72.04
2022-02-14,69.46
2022-02-15,81.2
2022-02-16,84.03
2022-02-17,75.59
2022-02-18,89.71
2022-02-19,63.75
2022-02-20,73.45
2022-02-21,68.44
2022-02-22,57.15
2022-02-23,75.2
2022-02-24,75.01
2022-02-25,91.56
2022-02-26,82.93
2022-02-27,66.57
2022-02-28,95.54
2022-03-01,89.39
2022-03-02,83.17
2022-03-03,75.25
2022-03-04,68.09
2022-03-05,74.12
2022-03-06,88.88
2022-03-07,96.99
2022-03-08,93.71
2022-03-09,73.53
2022-03-10,67.35
2022-03-11,80.09
2022-03-12,61.11
2022-03-13,82.14
2022-03-14,77.55
2022-03-15,74.46
2022-03-16,63.28
2022-03-17,84.45
2022-03-18,74.07
2022-03-19,67.78
2022-03-20,50.83
2022-03-21,79.35
2022-03-22,97.41
2022-03-23,96.36
2022-03-24,75.23
2022-03-25,73.82
2022-03-26,84.57
2022-03-27,69.93
2022-03-28,82.96
2022-03-29,87.63
2022-03-30,92.25
2022-03-31,78.99
2022-04-01,77.96
2022-04-02,71.22
2022-04-03,71.72
2022-04-04,77.71
2022-04-05,83.63
2022-04-06,89.07
2022-04-07,71.87
2022-04-08,94.79
2022-04-09,77.11
2022-04-10,79.56
2022-04-11,72.25
2022-04-12,55.42
2022-04-13,88.43
2022-04-14,86.89
2022-04-15,76.63
2022-04-16,80.03
2022-04-17,84.43
2022-04-18,63.55
2022-04-19,73.78
2022-04-20,86.91
2022-04-21,66.31
2022-04-22,81.67
2022-04-23,65.05
2022-04-24,83.15
2022-04-25,78.0
2022-04-26,62.06
2022-04-27,89.71
2022-04-28,70.57
2022-04-29,69.66
2022-04-30,79.61
2022-05-01,88.92
2022-05-02,67.1
2022-05-03,77.7
2022-05-04,81.19
2022-05-05,83.65
2022-05-06,78.29
2022-05-07,72.66
2022-05-08,67.85
2022-05-09,76.79
2022-05-10,64.99
2022-05-11,46.28
2022-05-12,79.64
2022-05-13,84.09
2022-05-14,51.2
2022-05-15,64.49
2022-05-16,80.55
2022-05-17,94.69
2022-05-18,74.07
2022-05-19,66.34
2022-05-20,71.53
2022-05-21,86.85
2022-05-22,66.38
2022-05-23,64.58
2022-05-24,67.48
2022-05-25,62.5
2022-05-26,72.98
2022-05-27,87.72
2022-05-28,74.42
2022-05-29,68.38
2022-05-30,67.7
2022-05-31,54.69
2022-06-01,78.86
2022-06-02,68.95
2022-06-03,67.62
2022-06-04,101.05
2022-06-05,71.8
2022-06-06,60.98
2022-06-07,63.92
2022-06-08,79.36
2022-06-09,68.69
2022-06-10,52.85
2022-06-11,76.1
2022-06-12,59.91
2022-06-13,85.0
2022-06-14,76.73
2022-06-15,61.13
2022-06-16,78.08
2022-06-17,65.62
2022-06-18,73.13
2022-06-19,69.12
2022-06-20,55.47
2022-06-21,57.16
2022-06-22,73.56
2022-06-23,59.57
2022-06-24,58.54
2022-06-25,52.68
2022-06-26,66.13
2022-06-27,82.17
2022-06-28,50.53
2022-06-29,61.1
2022-06-30,74.64
2022-07-01,59.38
2022-07-02,64.35
2022-07-03,48.86
2022-07-04,63.42
2022-07-05,56.92
2022-07-06,68.31
2022-07-07,69.98
2022-07-08,83.66
2022-07-09,63.22
2022-07-10,60.34
2022-07-11,58.69
2022-07-12,52.87
2022-07-13,59.45
2022-07-14,52.78
2022-07-15,57.08
2022-07-16,68.24
2022-07-17,44.66
2022-07-18,65.79
2022-07-19,67.24
2022-07-20,52.56
2022-07-21,32.19
2022-07-22,47.01
2022-07-23,65.74
2022-07-24,52.22
2022-07-25,42.14
2022-07-26,46.77
2022-07-27,59.91
2022-07-28,56.66
2022-07-29,48.49
2022-07-30,46.91
2022-07-31,46.36
2022-08-01,40.75
2022-08-02,65.83
2022-08-03,46.16
2022-08-04,61.27
2022-08-05,64.02
2022-08-06,58.51
2022-08-07,43.93
2022-08-08,52.0
2022-08-09,47.45
2022-08-10,38.39
2022-08-11,50.4
2022-08-12,35.11
2022-08-13,58.52
2022-08-14,41.74
2022-08-15,48.15
2022-08-16,48.72
2022-08-17,43.06
2022-08-18,51.28
2022-08-19,40.43
2022-08-20,53.66
2022-08-21,31.26
2022-08-22,45.77
2022-08-23,63.68
2022-08-24,34.07
2022-08-25,37.09
2022-08-26,48.81
2022-08-27,45.27
2022-08-28,46.79
2022-08-29,47.99
2022-08-30,49.26
2022-08-31,53.83
2022-09-01,46.66
2022-09-02,39.99
2022-09-03,48.96
2022-09-04,61.08
2022-09-05,40.61
2022-09-06,32.04
2022-09-07,52.72
2022-09-08,40.31
2022-09-09,19.66
2022-09-10,49.74
2022-09-11,35.79
2022-09-12,40.13
2022-09-13,44.25
2022-09-14,42.73
2022-09-15,47.83
2022-09-16,36.29
2022-09-17,45.69
2022-09-18,37.88
2022-09-19,47.8
2022-09-20,46.5
2022-09-21,30.93
2022-09-22,51.09
2022-09-23,34.82
2022-09-24,48.22
2022-09-25,43.77
2022-09-26,58.45
2022-09-27,37.81
2022-09-28,36.53
2022-09-29,39.81
2022-09-30,36.97
2022-10-01,48.0
2022-10-02,23.84
2022-10-03,29.48
2022-10-04,29.35
2022-10-05,49.56
2022-10-06,57.19
2022-10-07,39.07
2022-10-08,38.47
2022-10-09,40.9
2022-10-10,51.87
2022-10-11,31.04
2022-10-12,42.76
2022-10-13,50.2
2022-10-14,45.53
2022-10-15,42.49
2022-10-16,50.7
2022-10-17,13.75
2022-10-18,47.65
2022-10-19,34.44
2022-10-20,22.78
2022-10-21,46.31
2022-10-22,55.06
2022-10-23,40.07
2022-10-24,51.11
2022-10-25,57.84
2022-10-26,55.01
2022-10-27,58.41
2022-10-28,49.58
2022-10-29,43.07
2022-10-30,26.46
2022-10-31,40.19
2022-11-01,34.39
2022-11-02,64.71
2022-11-03,41.43
2022-11-04,44.61
2022-11-05,49.09
2022-11-06,44.21
2022-11-07,60.92
2022-11-08,37.95
2022-11-09,46.34
2022-11-10,37.19
2022-11-11,31.63
2022-11-12,38.94
2022-11-13,44.92
2022-11-14,41.23
2022-11-15,38.84
2022-11-16,31.95
2022-11-17,45.43
2022-11-18,31.46
2022-11-19,54.37
2022-11-20,47.85
2022-11-21,32.72
2022-11-22,44.47
2022-11-23,40.31
2022-11-24,51.3
2022-11-25,61.79
2022-11-26,29.91
2022-11-27,50.1
2022-11-28,47.64
2022-11-29,56.25
2022-11-30,51.96
2022-12-01,42.6
2022-12-02,47.23
2022-12-03,42.77
2022-12-04,61.8
2022-12-05,51.56
2022-12-06,70.67
2022-12-07,51.36
2022-12-08,45.2
2022-12-09,37.47
2022-12-10,34.9
2022-12-11,37.41
2022-12-12,56.25
2022-12-13,58.99
2022-12-14,38.42
2022-12-15,63.51
2022-12-16,50.06
2022-12-17,56.69
2022-12-18,71.68
2022-12-19,64.87
2022-12-20,53.55
2022-12-21,47.66
2022-12-22,35.4
2022-12-23,50.06
2022-12-24,55.48
2022-12-25,48.07
2022-12-26,56.97
2022-12-27,59.39
2022-12-28,56.72
2022-12-29,52.81
2022-12-30,61.34
2022-12-31,64.42
